sweep,workload,n,commit_hash,lambda_bits,num_queries,blowup_factor,grinding_factor,field_extension,fri_folding_factor,threads,machine,run_index,t_native_ms,t_prove_ms,t_verify_ms,proof_bytes,security_bits
S2,rescue_chain,65536,blake3_256,256,32,8,16,none,8,1,laptop_ryzen7_7840u_32gb,1,4505.481000,20892.754200,2.233300,101713,111
S2,rescue_chain,65536,blake3_256,256,32,8,16,none,8,1,laptop_ryzen7_7840u_32gb,2,4505.481000,33072.738700,1.826700,101713,111
S2,rescue_chain,65536,blake3_256,256,32,8,16,none,8,1,laptop_ryzen7_7840u_32gb,3,4505.481000,33185.907300,2.305400,101713,111
S2,rescue_chain,65536,blake3_256,256,32,8,16,none,8,1,laptop_ryzen7_7840u_32gb,4,4505.481000,33085.158600,2.162100,101713,111
S2,rescue_chain,65536,blake3_256,256,32,8,16,none,8,1,laptop_ryzen7_7840u_32gb,5,4505.481000,33138.223100,2.102100,101713,111
S2,rescue_chain,65536,blake3_256,256,32,8,16,none,8,1,laptop_ryzen7_7840u_32gb,6,4505.481000,29333.930000,2.544200,101713,111
S2,rescue_chain,65536,blake3_256,256,32,8,16,none,8,1,laptop_ryzen7_7840u_32gb,7,4505.481000,36707.477400,2.078000,101713,111
S2,rescue_chain,65536,sha3_256,256,32,8,16,none,8,1,laptop_ryzen7_7840u_32gb,1,5929.485700,51078.433900,5.120700,102452,111
S2,rescue_chain,65536,sha3_256,256,32,8,16,none,8,1,laptop_ryzen7_7840u_32gb,2,5929.485700,52653.815000,2.678800,102452,111
S2,rescue_chain,65536,sha3_256,256,32,8,16,none,8,1,laptop_ryzen7_7840u_32gb,3,5929.485700,52578.911400,3.706100,102452,111
S2,rescue_chain,65536,sha3_256,256,32,8,16,none,8,1,laptop_ryzen7_7840u_32gb,4,5929.485700,50532.080700,3.358400,102452,111
S2,rescue_chain,65536,sha3_256,256,32,8,16,none,8,1,laptop_ryzen7_7840u_32gb,5,5929.485700,51094.352500,4.716300,102452,111
S2,rescue_chain,65536,sha3_256,256,32,8,16,none,8,1,laptop_ryzen7_7840u_32gb,6,5929.485700,50081.861200,4.974200,102452,111
S2,rescue_chain,65536,sha3_256,256,32,8,16,none,8,1,laptop_ryzen7_7840u_32gb,7,5929.485700,49915.525100,3.173000,102452,111
S3,rescue_chain,65536,blake3_256,256,32,8,16,none,8,1,laptop_ryzen7_7840u_32gb,1,5496.937800,29681.269700,2.123000,101713,111
S3,rescue_chain,65536,blake3_256,256,32,8,16,none,8,1,laptop_ryzen7_7840u_32gb,2,5496.937800,34189.255000,1.844600,101713,111
S3,rescue_chain,65536,blake3_256,256,32,8,16,none,8,1,laptop_ryzen7_7840u_32gb,3,5496.937800,35698.177300,2.075000,101713,111
S3,rescue_chain,65536,blake3_256,256,32,8,16,none,8,1,laptop_ryzen7_7840u_32gb,4,5496.937800,37535.151000,2.612400,101713,111
S3,rescue_chain,65536,blake3_256,256,32,8,16,none,8,1,laptop_ryzen7_7840u_32gb,5,5496.937800,35367.810000,1.780500,101713,111
S3,rescue_chain,65536,blake3_256,256,32,8,16,none,8,1,laptop_ryzen7_7840u_32gb,6,5496.937800,33928.084100,1.588500,101713,111
S3,rescue_chain,65536,blake3_256,256,32,8,16,none,8,1,laptop_ryzen7_7840u_32gb,7,5496.937800,34086.197100,2.223300,101713,111
S3,rescue_chain,65536,blake3_192,192,32,8,16,none,8,1,laptop_ryzen7_7840u_32gb,1,5536.541800,34008.713200,1.668900,82305,96
S3,rescue_chain,65536,blake3_192,192,32,8,16,none,8,1,laptop_ryzen7_7840u_32gb,2,5536.541800,40820.539400,2.553500,82305,96
S3,rescue_chain,65536,blake3_192,192,32,8,16,none,8,1,laptop_ryzen7_7840u_32gb,3,5536.541800,35530.689400,2.031800,82305,96
S3,rescue_chain,65536,blake3_192,192,32,8,16,none,8,1,laptop_ryzen7_7840u_32gb,4,5536.541800,34064.886600,1.906300,82305,96
S3,rescue_chain,65536,blake3_192,192,32,8,16,none,8,1,laptop_ryzen7_7840u_32gb,5,5536.541800,33884.449500,1.880400,82305,96
S3,rescue_chain,65536,blake3_192,192,32,8,16,none,8,1,laptop_ryzen7_7840u_32gb,6,5536.541800,31558.711400,1.643100,82305,96
S3,rescue_chain,65536,blake3_192,192,32,8,16,none,8,1,laptop_ryzen7_7840u_32gb,7,5536.541800,34357.512600,1.823400,82305,96
S4,rescue_chain,65536,blake3_256,256,16,8,16,none,8,1,laptop_ryzen7_7840u_32gb,1,5507.266500,34005.367000,1.214000,55621,47
S4,rescue_chain,65536,blake3_256,256,16,8,16,none,8,1,laptop_ryzen7_7840u_32gb,2,5507.266500,33986.309500,1.252900,55621,47
S4,rescue_chain,65536,blake3_256,256,16,8,16,none,8,1,laptop_ryzen7_7840u_32gb,3,5507.266500,34975.780300,0.943600,55621,47
S4,rescue_chain,65536,blake3_256,256,16,8,16,none,8,1,laptop_ryzen7_7840u_32gb,4,5507.266500,34050.794000,1.008500,55621,47
S4,rescue_chain,65536,blake3_256,256,16,8,16,none,8,1,laptop_ryzen7_7840u_32gb,5,5507.266500,34098.108000,1.221800,55621,47
S4,rescue_chain,65536,blake3_256,256,16,8,16,none,8,1,laptop_ryzen7_7840u_32gb,6,5507.266500,33683.445900,1.318500,55621,47
S4,rescue_chain,65536,blake3_256,256,16,8,16,none,8,1,laptop_ryzen7_7840u_32gb,7,5507.266500,33754.900700,1.238400,55621,47
S4,rescue_chain,65536,blake3_256,256,24,8,16,none,8,1,laptop_ryzen7_7840u_32gb,1,5576.818700,33781.358700,1.325000,79676,71
S4,rescue_chain,65536,blake3_256,256,24,8,16,none,8,1,laptop_ryzen7_7840u_32gb,2,5576.818700,33772.628500,1.440100,79676,71
S4,rescue_chain,65536,blake3_256,256,24,8,16,none,8,1,laptop_ryzen7_7840u_32gb,3,5576.818700,33597.593400,1.339300,79676,71
S4,rescue_chain,65536,blake3_256,256,24,8,16,none,8,1,laptop_ryzen7_7840u_32gb,4,5576.818700,33856.360900,1.274100,79676,71
S4,rescue_chain,65536,blake3_256,256,24,8,16,none,8,1,laptop_ryzen7_7840u_32gb,5,5576.818700,33660.190900,1.308700,79676,71
S4,rescue_chain,65536,blake3_256,256,24,8,16,none,8,1,laptop_ryzen7_7840u_32gb,6,5576.818700,34713.287100,1.324000,79676,71
S4,rescue_chain,65536,blake3_256,256,24,8,16,none,8,1,laptop_ryzen7_7840u_32gb,7,5576.818700,33965.675900,1.213000,79676,71
S4,rescue_chain,65536,blake3_256,256,32,8,16,none,8,1,laptop_ryzen7_7840u_32gb,1,5497.913400,33603.788800,1.794300,101713,111
S4,rescue_chain,65536,blake3_256,256,32,8,16,none,8,1,laptop_ryzen7_7840u_32gb,2,5497.913400,33745.920600,1.884800,101713,111
S4,rescue_chain,65536,blake3_256,256,32,8,16,none,8,1,laptop_ryzen7_7840u_32gb,3,5497.913400,33745.401000,2.385500,101713,111
S4,rescue_chain,65536,blake3_256,256,32,8,16,none,8,1,laptop_ryzen7_7840u_32gb,4,5497.913400,33680.490800,3.280000,101713,111
S4,rescue_chain,65536,blake3_256,256,32,8,16,none,8,1,laptop_ryzen7_7840u_32gb,5,5497.913400,34004.446200,2.365500,101713,111
S4,rescue_chain,65536,blake3_256,256,32,8,16,none,8,1,laptop_ryzen7_7840u_32gb,6,5497.913400,33953.938900,2.057500,101713,111
S4,rescue_chain,65536,blake3_256,256,32,8,16,none,8,1,laptop_ryzen7_7840u_32gb,7,5497.913400,33675.410600,1.783900,101713,111
S4,rescue_chain,65536,blake3_256,256,48,8,16,none,8,1,laptop_ryzen7_7840u_32gb,1,5451.798400,33544.765600,2.611200,145659,127
S4,rescue_chain,65536,blake3_256,256,48,8,16,none,8,1,laptop_ryzen7_7840u_32gb,2,5451.798400,33679.528400,3.331400,145659,127
S4,rescue_chain,65536,blake3_256,256,48,8,16,none,8,1,laptop_ryzen7_7840u_32gb,3,5451.798400,34465.762800,2.518600,145659,127
S4,rescue_chain,65536,blake3_256,256,48,8,16,none,8,1,laptop_ryzen7_7840u_32gb,4,5451.798400,35230.439200,2.489300,145659,127
S4,rescue_chain,65536,blake3_256,256,48,8,16,none,8,1,laptop_ryzen7_7840u_32gb,5,5451.798400,75866.906900,3.328800,145659,127
S4,rescue_chain,65536,blake3_256,256,48,8,16,none,8,1,laptop_ryzen7_7840u_32gb,6,5451.798400,34352.738200,2.289200,145659,127
S4,rescue_chain,65536,blake3_256,256,48,8,16,none,8,1,laptop_ryzen7_7840u_32gb,7,5451.798400,36003.964100,3.042600,145659,127
S4,rescue_chain,65536,blake3_256,256,64,8,16,none,8,1,laptop_ryzen7_7840u_32gb,1,5765.427600,33943.512500,5.511500,187909,127
S4,rescue_chain,65536,blake3_256,256,64,8,16,none,8,1,laptop_ryzen7_7840u_32gb,2,5765.427600,34461.384100,3.006000,187909,127
S4,rescue_chain,65536,blake3_256,256,64,8,16,none,8,1,laptop_ryzen7_7840u_32gb,3,5765.427600,33684.942200,3.193600,187909,127
S4,rescue_chain,65536,blake3_256,256,64,8,16,none,8,1,laptop_ryzen7_7840u_32gb,4,5765.427600,33466.547500,4.196700,187909,127
S4,rescue_chain,65536,blake3_256,256,64,8,16,none,8,1,laptop_ryzen7_7840u_32gb,5,5765.427600,33435.456000,3.085600,187909,127
S4,rescue_chain,65536,blake3_256,256,64,8,16,none,8,1,laptop_ryzen7_7840u_32gb,6,5765.427600,33799.630300,3.625600,187909,127
S4,rescue_chain,65536,blake3_256,256,64,8,16,none,8,1,laptop_ryzen7_7840u_32gb,7,5765.427600,33562.599600,3.310100,187909,127
S5,rescue_chain,65536,blake3_256,256,32,8,0,none,8,1,laptop_ryzen7_7840u_32gb,1,5505.146700,33964.438300,2.281200,101267,95
S5,rescue_chain,65536,blake3_256,256,32,8,0,none,8,1,laptop_ryzen7_7840u_32gb,2,5505.146700,33491.913500,2.354300,101267,95
S5,rescue_chain,65536,blake3_256,256,32,8,0,none,8,1,laptop_ryzen7_7840u_32gb,3,5505.146700,33404.434800,2.279900,101267,95
S5,rescue_chain,65536,blake3_256,256,32,8,0,none,8,1,laptop_ryzen7_7840u_32gb,4,5505.146700,33473.413200,1.862800,101267,95
S5,rescue_chain,65536,blake3_256,256,32,8,0,none,8,1,laptop_ryzen7_7840u_32gb,5,5505.146700,33477.406400,2.182700,101267,95
S5,rescue_chain,65536,blake3_256,256,32,8,0,none,8,1,laptop_ryzen7_7840u_32gb,6,5505.146700,33423.958000,1.774600,101267,95
S5,rescue_chain,65536,blake3_256,256,32,8,0,none,8,1,laptop_ryzen7_7840u_32gb,7,5505.146700,33565.364800,2.200500,101267,95
S5,rescue_chain,65536,blake3_256,256,32,8,8,none,8,1,laptop_ryzen7_7840u_32gb,1,5471.043700,33666.966200,1.728300,102485,103
S5,rescue_chain,65536,blake3_256,256,32,8,8,none,8,1,laptop_ryzen7_7840u_32gb,2,5471.043700,33620.572100,1.758200,102485,103
S5,rescue_chain,65536,blake3_256,256,32,8,8,none,8,1,laptop_ryzen7_7840u_32gb,3,5471.043700,33395.422700,2.272500,102485,103
S5,rescue_chain,65536,blake3_256,256,32,8,8,none,8,1,laptop_ryzen7_7840u_32gb,4,5471.043700,33514.593900,1.833000,102485,103
S5,rescue_chain,65536,blake3_256,256,32,8,8,none,8,1,laptop_ryzen7_7840u_32gb,5,5471.043700,33398.072400,1.752700,102485,103
S5,rescue_chain,65536,blake3_256,256,32,8,8,none,8,1,laptop_ryzen7_7840u_32gb,6,5471.043700,36502.535500,1.783900,102485,103
S5,rescue_chain,65536,blake3_256,256,32,8,8,none,8,1,laptop_ryzen7_7840u_32gb,7,5471.043700,33798.003400,1.728800,102485,103
S5,rescue_chain,65536,blake3_256,256,32,8,16,none,8,1,laptop_ryzen7_7840u_32gb,1,5502.322200,33836.960500,1.763700,101713,111
S5,rescue_chain,65536,blake3_256,256,32,8,16,none,8,1,laptop_ryzen7_7840u_32gb,2,5502.322200,33914.363800,1.690700,101713,111
S5,rescue_chain,65536,blake3_256,256,32,8,16,none,8,1,laptop_ryzen7_7840u_32gb,3,5502.322200,33391.304700,2.395900,101713,111
S5,rescue_chain,65536,blake3_256,256,32,8,16,none,8,1,laptop_ryzen7_7840u_32gb,4,5502.322200,34548.474500,1.662000,101713,111
S5,rescue_chain,65536,blake3_256,256,32,8,16,none,8,1,laptop_ryzen7_7840u_32gb,5,5502.322200,33198.960500,1.650500,101713,111
S5,rescue_chain,65536,blake3_256,256,32,8,16,none,8,1,laptop_ryzen7_7840u_32gb,6,5502.322200,33265.030100,1.832500,101713,111
S5,rescue_chain,65536,blake3_256,256,32,8,16,none,8,1,laptop_ryzen7_7840u_32gb,7,5502.322200,33148.007300,2.228000,101713,111
S5,rescue_chain,65536,blake3_256,256,32,8,24,none,8,1,laptop_ryzen7_7840u_32gb,1,5275.741800,33311.666600,1.642600,102354,119
S5,rescue_chain,65536,blake3_256,256,32,8,24,none,8,1,laptop_ryzen7_7840u_32gb,2,5275.741800,33400.118300,2.248800,102354,119
S5,rescue_chain,65536,blake3_256,256,32,8,24,none,8,1,laptop_ryzen7_7840u_32gb,3,5275.741800,34323.423100,2.217600,102354,119
S5,rescue_chain,65536,blake3_256,256,32,8,24,none,8,1,laptop_ryzen7_7840u_32gb,4,5275.741800,33456.684400,1.611900,102354,119
S5,rescue_chain,65536,blake3_256,256,32,8,24,none,8,1,laptop_ryzen7_7840u_32gb,5,5275.741800,33654.395000,2.110100,102354,119
S5,rescue_chain,65536,blake3_256,256,32,8,24,none,8,1,laptop_ryzen7_7840u_32gb,6,5275.741800,33499.787100,2.304700,102354,119
S5,rescue_chain,65536,blake3_256,256,32,8,24,none,8,1,laptop_ryzen7_7840u_32gb,7,5275.741800,33344.678700,2.183800,102354,119
S5,rescue_chain,65536,blake3_256,256,32,8,32,none,8,1,laptop_ryzen7_7840u_32gb,1,5266.088500,193730.968700,1.773800,102836,127
S5,rescue_chain,65536,blake3_256,256,32,8,32,none,8,1,laptop_ryzen7_7840u_32gb,2,5266.088500,167609.422200,1.042500,102836,127
S5,rescue_chain,65536,blake3_256,256,32,8,32,none,8,1,laptop_ryzen7_7840u_32gb,3,5266.088500,193456.649900,1.705100,102836,127
S5,rescue_chain,65536,blake3_256,256,32,8,32,none,8,1,laptop_ryzen7_7840u_32gb,4,5266.088500,194411.120300,1.783400,102836,127
S5,rescue_chain,65536,blake3_256,256,32,8,32,none,8,1,laptop_ryzen7_7840u_32gb,5,5266.088500,193723.366900,2.288100,102836,127
S5,rescue_chain,65536,blake3_256,256,32,8,32,none,8,1,laptop_ryzen7_7840u_32gb,6,5266.088500,193605.208200,2.124400,102836,127
S5,rescue_chain,65536,blake3_256,256,32,8,32,none,8,1,laptop_ryzen7_7840u_32gb,7,5266.088500,194054.897200,2.302400,102836,127
S6,rescue_chain,65536,blake3_256,256,32,4,16,none,8,1,laptop_ryzen7_7840u_32gb,1,5259.565700,20025.171400,1.680100,93486,63
S6,rescue_chain,65536,blake3_256,256,32,4,16,none,8,1,laptop_ryzen7_7840u_32gb,2,5259.565700,19896.952500,1.596600,93486,63
S6,rescue_chain,65536,blake3_256,256,32,4,16,none,8,1,laptop_ryzen7_7840u_32gb,3,5259.565700,20555.945600,2.153900,93486,63
S6,rescue_chain,65536,blake3_256,256,32,4,16,none,8,1,laptop_ryzen7_7840u_32gb,4,5259.565700,19878.167400,2.111100,93486,63
S6,rescue_chain,65536,blake3_256,256,32,4,16,none,8,1,laptop_ryzen7_7840u_32gb,5,5259.565700,21351.808000,2.403900,93486,63
S6,rescue_chain,65536,blake3_256,256,32,4,16,none,8,1,laptop_ryzen7_7840u_32gb,6,5259.565700,22404.880300,2.686600,93486,63
S6,rescue_chain,65536,blake3_256,256,32,4,16,none,8,1,laptop_ryzen7_7840u_32gb,7,5259.565700,21994.860800,2.496100,93486,63
S6,rescue_chain,65536,blake3_256,256,32,8,16,none,8,1,laptop_ryzen7_7840u_32gb,1,5685.321100,33786.061300,1.784800,101713,111
S6,rescue_chain,65536,blake3_256,256,32,8,16,none,8,1,laptop_ryzen7_7840u_32gb,2,5685.321100,34095.983800,2.264900,101713,111
S6,rescue_chain,65536,blake3_256,256,32,8,16,none,8,1,laptop_ryzen7_7840u_32gb,3,5685.321100,33892.888300,1.932500,101713,111
S6,rescue_chain,65536,blake3_256,256,32,8,16,none,8,1,laptop_ryzen7_7840u_32gb,4,5685.321100,33817.969100,1.654400,101713,111
S6,rescue_chain,65536,blake3_256,256,32,8,16,none,8,1,laptop_ryzen7_7840u_32gb,5,5685.321100,36113.571900,1.918300,101713,111
S6,rescue_chain,65536,blake3_256,256,32,8,16,none,8,1,laptop_ryzen7_7840u_32gb,6,5685.321100,33858.875000,2.137300,101713,111
S6,rescue_chain,65536,blake3_256,256,32,8,16,none,8,1,laptop_ryzen7_7840u_32gb,7,5685.321100,33712.723200,1.674500,101713,111
S6,rescue_chain,65536,blake3_256,256,32,16,16,none,8,1,laptop_ryzen7_7840u_32gb,1,5522.319900,62453.291300,2.452600,109459,127
S6,rescue_chain,65536,blake3_256,256,32,16,16,none,8,1,laptop_ryzen7_7840u_32gb,2,5522.319900,61618.601900,1.181400,109459,127
S6,rescue_chain,65536,blake3_256,256,32,16,16,none,8,1,laptop_ryzen7_7840u_32gb,3,5522.319900,60951.958800,2.201100,109459,127
S6,rescue_chain,65536,blake3_256,256,32,16,16,none,8,1,laptop_ryzen7_7840u_32gb,4,5522.319900,62140.506600,1.826800,109459,127
S6,rescue_chain,65536,blake3_256,256,32,16,16,none,8,1,laptop_ryzen7_7840u_32gb,5,5522.319900,61056.559400,2.347400,109459,127
S6,rescue_chain,65536,blake3_256,256,32,16,16,none,8,1,laptop_ryzen7_7840u_32gb,6,5522.319900,62246.851200,2.690900,109459,127
S6,rescue_chain,65536,blake3_256,256,32,16,16,none,8,1,laptop_ryzen7_7840u_32gb,7,5522.319900,61543.926800,1.717400,109459,127
S6,rescue_chain,65536,blake3_256,256,32,8,16,quad,8,1,laptop_ryzen7_7840u_32gb,1,5634.314600,39831.133000,3.218000,124817,111
S6,rescue_chain,65536,blake3_256,256,32,8,16,quad,8,1,laptop_ryzen7_7840u_32gb,2,5634.314600,35582.018200,2.834000,124817,111
S6,rescue_chain,65536,blake3_256,256,32,8,16,quad,8,1,laptop_ryzen7_7840u_32gb,3,5634.314600,39436.643900,3.211600,124817,111
S6,rescue_chain,65536,blake3_256,256,32,8,16,quad,8,1,laptop_ryzen7_7840u_32gb,4,5634.314600,39414.816800,4.457300,124817,111
S6,rescue_chain,65536,blake3_256,256,32,8,16,quad,8,1,laptop_ryzen7_7840u_32gb,5,5634.314600,39149.294300,4.153700,124817,111
S6,rescue_chain,65536,blake3_256,256,32,8,16,quad,8,1,laptop_ryzen7_7840u_32gb,6,5634.314600,39119.850500,2.737900,124817,111
S6,rescue_chain,65536,blake3_256,256,32,8,16,quad,8,1,laptop_ryzen7_7840u_32gb,7,5634.314600,39109.214700,4.264400,124817,111
MT,rescue_chain,65536,blake3_256,256,32,8,16,none,8,16,laptop_ryzen7_7840u_32gb,1,5484.978300,4804.569100,2.085800,99087,111
MT,rescue_chain,65536,blake3_256,256,32,8,16,none,8,16,laptop_ryzen7_7840u_32gb,2,5484.978300,4802.163200,1.509300,101936,111
MT,rescue_chain,65536,blake3_256,256,32,8,16,none,8,16,laptop_ryzen7_7840u_32gb,3,5484.978300,4813.027000,2.126200,101936,111
MT,rescue_chain,65536,blake3_256,256,32,8,16,none,8,16,laptop_ryzen7_7840u_32gb,4,5484.978300,4746.589300,1.541600,101936,111
MT,rescue_chain,65536,blake3_256,256,32,8,16,none,8,16,laptop_ryzen7_7840u_32gb,5,5484.978300,5005.802700,2.107100,102580,111
MT,rescue_chain,65536,blake3_256,256,32,8,16,none,8,16,laptop_ryzen7_7840u_32gb,6,5484.978300,5029.006800,1.624600,102164,111
MT,rescue_chain,65536,blake3_256,256,32,8,16,none,8,16,laptop_ryzen7_7840u_32gb,7,5484.978300,5027.273000,1.533300,101364,111
S1,rescue_chain,1024,blake3_256,256,32,8,16,none,8,1,laptop_ryzen7_7840u_32gb,1,69.300700,280.788800,0.609700,55867,111
S1,rescue_chain,1024,blake3_256,256,32,8,16,none,8,1,laptop_ryzen7_7840u_32gb,2,69.300700,273.068300,0.594500,55867,111
S1,rescue_chain,1024,blake3_256,256,32,8,16,none,8,1,laptop_ryzen7_7840u_32gb,3,69.300700,277.603700,0.685900,55867,111
S1,rescue_chain,1024,blake3_256,256,32,8,16,none,8,1,laptop_ryzen7_7840u_32gb,4,69.300700,286.628400,0.639100,55867,111
S1,rescue_chain,1024,blake3_256,256,32,8,16,none,8,1,laptop_ryzen7_7840u_32gb,5,69.300700,266.753800,0.601700,55867,111
S1,rescue_chain,1024,blake3_256,256,32,8,16,none,8,1,laptop_ryzen7_7840u_32gb,6,69.300700,284.186500,0.644800,55867,111
S1,rescue_chain,1024,blake3_256,256,32,8,16,none,8,1,laptop_ryzen7_7840u_32gb,7,69.300700,266.194800,0.600900,55867,111
S1,rescue_chain,4096,blake3_256,256,32,8,16,none,8,1,laptop_ryzen7_7840u_32gb,1,289.505100,1420.926600,1.302700,70464,111
S1,rescue_chain,4096,blake3_256,256,32,8,16,none,8,1,laptop_ryzen7_7840u_32gb,2,289.505100,2268.735200,1.724800,70464,111
S1,rescue_chain,4096,blake3_256,256,32,8,16,none,8,1,laptop_ryzen7_7840u_32gb,3,289.505100,2210.259000,1.670400,70464,111
S1,rescue_chain,4096,blake3_256,256,32,8,16,none,8,1,laptop_ryzen7_7840u_32gb,4,289.505100,2026.630700,1.305200,70464,111
S1,rescue_chain,4096,blake3_256,256,32,8,16,none,8,1,laptop_ryzen7_7840u_32gb,5,289.505100,1922.375800,1.302100,70464,111
S1,rescue_chain,4096,blake3_256,256,32,8,16,none,8,1,laptop_ryzen7_7840u_32gb,6,289.505100,1920.432200,1.316800,70464,111
S1,rescue_chain,4096,blake3_256,256,32,8,16,none,8,1,laptop_ryzen7_7840u_32gb,7,289.505100,1771.605500,1.254800,70464,111
S1,rescue_chain,16384,blake3_256,256,32,8,16,none,8,1,laptop_ryzen7_7840u_32gb,1,1100.171200,7764.822200,1.646100,85540,111
S1,rescue_chain,16384,blake3_256,256,32,8,16,none,8,1,laptop_ryzen7_7840u_32gb,2,1100.171200,7815.923900,1.466700,85540,111
S1,rescue_chain,16384,blake3_256,256,32,8,16,none,8,1,laptop_ryzen7_7840u_32gb,3,1100.171200,7739.542000,1.718300,85540,111
S1,rescue_chain,16384,blake3_256,256,32,8,16,none,8,1,laptop_ryzen7_7840u_32gb,4,1100.171200,7781.278700,1.509300,85540,111
S1,rescue_chain,16384,blake3_256,256,32,8,16,none,8,1,laptop_ryzen7_7840u_32gb,5,1100.171200,7762.765900,1.539800,85540,111
S1,rescue_chain,16384,blake3_256,256,32,8,16,none,8,1,laptop_ryzen7_7840u_32gb,6,1100.171200,7769.845000,1.465400,85540,111
S1,rescue_chain,16384,blake3_256,256,32,8,16,none,8,1,laptop_ryzen7_7840u_32gb,7,1100.171200,7773.391200,1.497600,85540,111
S1,rescue_chain,65536,blake3_256,256,32,8,16,none,8,1,laptop_ryzen7_7840u_32gb,1,5480.937200,34536.437700,2.348400,101713,111
S1,rescue_chain,65536,blake3_256,256,32,8,16,none,8,1,laptop_ryzen7_7840u_32gb,2,5480.937200,33583.513700,1.659800,101713,111
S1,rescue_chain,65536,blake3_256,256,32,8,16,none,8,1,laptop_ryzen7_7840u_32gb,3,5480.937200,33652.106200,1.729200,101713,111
S1,rescue_chain,65536,blake3_256,256,32,8,16,none,8,1,laptop_ryzen7_7840u_32gb,4,5480.937200,33608.514900,1.667800,101713,111
S1,rescue_chain,65536,blake3_256,256,32,8,16,none,8,1,laptop_ryzen7_7840u_32gb,5,5480.937200,33617.107300,1.713600,101713,111
S1,rescue_chain,65536,blake3_256,256,32,8,16,none,8,1,laptop_ryzen7_7840u_32gb,6,5480.937200,33601.568200,2.191500,101713,111
S1,rescue_chain,65536,blake3_256,256,32,8,16,none,8,1,laptop_ryzen7_7840u_32gb,7,5480.937200,35694.070500,2.039700,101713,111
S1,rescue_chain,262144,blake3_256,256,32,8,16,none,8,1,laptop_ryzen7_7840u_32gb,1,30674.830300,149210.177000,2.054700,121686,111
S1,rescue_chain,262144,blake3_256,256,32,8,16,none,8,1,laptop_ryzen7_7840u_32gb,2,30674.830300,146220.682600,1.988200,121686,111
S1,rescue_chain,262144,blake3_256,256,32,8,16,none,8,1,laptop_ryzen7_7840u_32gb,3,30674.830300,145837.339300,3.027300,121686,111
S1,rescue_chain,262144,blake3_256,256,32,8,16,none,8,1,laptop_ryzen7_7840u_32gb,4,30674.830300,145646.967000,2.006000,121686,111
S1,rescue_chain,262144,blake3_256,256,32,8,16,none,8,1,laptop_ryzen7_7840u_32gb,5,30674.830300,146158.733700,1.868100,121686,111
S1,rescue_chain,262144,blake3_256,256,32,8,16,none,8,1,laptop_ryzen7_7840u_32gb,6,30674.830300,149833.713800,2.392800,121686,111
S1,rescue_chain,262144,blake3_256,256,32,8,16,none,8,1,laptop_ryzen7_7840u_32gb,7,30674.830300,139597.839300,1.948200,121686,111
S1,rescue_chain,1048576,blake3_256,256,32,8,16,none,8,1,laptop_ryzen7_7840u_32gb,1,125746.776000,1727900.395100,5.850000,141435,111
S1,rescue_chain,1048576,blake3_256,256,32,8,16,none,8,1,laptop_ryzen7_7840u_32gb,2,125746.776000,727645.704200,4.715700,141435,111
S1,rescue_chain,1048576,blake3_256,256,32,8,16,none,8,1,laptop_ryzen7_7840u_32gb,3,125746.776000,722835.878800,5.361900,141435,111
S1,rescue_chain,1048576,blake3_256,256,32,8,16,none,8,1,laptop_ryzen7_7840u_32gb,4,125746.776000,740648.910600,11.674800,141435,111
S1,rescue_chain,1048576,blake3_256,256,32,8,16,none,8,1,laptop_ryzen7_7840u_32gb,5,125746.776000,743955.011600,12.236100,141435,111
S1,rescue_chain,1048576,blake3_256,256,32,8,16,none,8,1,laptop_ryzen7_7840u_32gb,6,125746.776000,726903.320100,5.829900,141435,111
S1,rescue_chain,1048576,blake3_256,256,32,8,16,none,8,1,laptop_ryzen7_7840u_32gb,7,125746.776000,2696473.426500,6.585500,141435,111
